﻿<?xml version="1.0" encoding="utf-8"?><meta xmlns:xsi="http://www.w3.org/2001/XMLSchema-instance" xmlns:xsd="http://www.w3.org/2001/XMLSchema"><project id="6erfh2nPAEe" courseid="5wFPsxjPkof_course_id" thumburl="story_content/thumbnail.jpg" title="MyBSS Eligibility Checking Assessment" datepublished="2021-12-21T15:22:20" version="1.0.0.0" flashdata="story_content/data.swf" html5data="mobile/data.json" mobiledata="mobile/data.gz" enabledownload="false" duration="About 8 minutes" totalaudio="0" totalvideo="0"><description>Assessment</description><keywords /><slidemeta moniker="slide" monikerplural="slides" viewslides="20" slidecountdescription="20 slides" /><author name="Em Salvador" email="" website="" /><application name="Articulate Storyline" version="3.59.26702.0" xmlversion="4.0" /></project></meta>